,price,name,url
0,¥148.00,艾孜莱民族风开叉大码女装大版裙子宽松高端名媛气质连衣裙中老年,https://click.simba.taobao.com/cc_im?p=%C8%B9%D7%D3&s=455703348&k=633&e=dnPCacpGOg%2B55D4vRQ69iFj%2FxZVwy1JrajeFVnL%2Faqri0O5LHNcn7nAvzLjxbcbKKFQ6RJvigPw%2F%2Fw9PyzDI%2BkWgN7Fs%2B%2BZ3I55vkapZwsJkTwzT53F035EJF%2B4ute1OcIzfid7pC5L7vi7a%2BrUc6vS2PQkRF5cHcSFp2gCQmGwl1y%2BFL95XY5DuLvZe7Oia%2B3woWjnnO50giTXxzjhMDRNlb2U4DvUzokVrdu3rB5YfuIQpyWvmf6bJaMbb4nEfXnpaV48rwAxrGCwOHz0J3ehlf%2F9Mrg0LkBYXrKvz%2Bn%2BpJzUE9VvvAUhZvHZXvyV%2F2w6p1r%2BnYVzkkOSy7nzAsPYORJOiQB%2FLXUr%2FjK0v4Ns4O4yI%2FRWOHh1pT37EuLIUb02HlDVC8s1r4nCIb9NQNy%2BCZkC7Jsu3JPipMYV2J8%2BAlbwJyGjfpvgug2ZTMTOaDQkTFIIhFDTJeinr6Si411tNjOmxxbFJOGjvu%2BR04sriZ2Yv6MnCTc9iFvV%2FENTMWSwzL1y%2BAHI%2BoB0VjWwMTBnmb8VSTgr9dLHVj03a58QrGg1Z3HbfDhJFk%2FjuKFZRaO8RDEDA7oNYefo0ZzvChcRCZRUDJ6aOy92X0FW77l6K8RazcPjVmQ%3D%3D
1,¥139.99,森马半身裙女2020秋季新款中长款半裙百褶裙少女松紧腰半身长裙子,https://detail.tmall.com/item.htm?id=622053042684&ad_id=&am_id=&cm_id=140105335569ed55e27b&pm_id=&abbucket=2
2,¥99.90,美特斯邦威吊带连衣裙女新款夏季超仙女法式小众桔梗森系少女裙子,https://detail.tmall.com/item.htm?id=592386443237&ad_id=&am_id=&cm_id=140105335569ed55e27b&pm_id=&abbucket=2
3,¥148.00,ZARA女装碎花连衣裙2020夏季新款V领短袖高腰泫雅收腰显瘦短裙子,https://item.taobao.com/item.htm?id=619055160319&ns=1&abbucket=2#detail
4,¥65.00,百褶裙女2020春夏新款裙子纱裙夏超仙中长网纱裙ins超火的半身裙,https://detail.tmall.com/item.htm?id=542659057468&ns=1&abbucket=2
5,¥79.00,纱裙女半身裙两面穿中长款2020夏季新款小雏菊雪纺裙高腰百褶裙子,https://detail.tmall.com/item.htm?id=606200717815&ns=1&abbucket=2
6,¥159.00,famous2020夏天法式复古琉璃花朵港风收腰显瘦重工连衣裙子短裙女,https://item.taobao.com/item.htm?id=619910896310&ns=1&abbucket=2#detail
7,¥69.00,碎花气质连衣裙女神范法式显瘦2020新款夏季超仙温柔风泡泡袖裙子,https://detail.tmall.com/item.htm?id=620250602809&ns=1&abbucket=2
8,¥69.00,不规则连衣裙女夏装2020新款初中高中学生韩版小清新两件套装裙子,https://detail.tmall.com/item.htm?id=594927448889&ns=1&abbucket=2
9,¥78.00,法式连衣裙仙气超仙森系中长款2020年夏季甜美仙女温柔网纱裙子,https://detail.tmall.com/item.htm?id=619942806555&ns=1&abbucket=2
10,¥79.00,法式泡泡袖连衣裙女2020年夏季新款气质中长款裙子收腰显瘦鱼尾裙,https://detail.tmall.com/item.htm?id=623009434028&ns=1&abbucket=2
11,¥158.00,秋装2020年新款法式复古设计感小众可盐可甜赫本风黑色连衣裙子女,https://detail.tmall.com/item.htm?id=610295304770&ns=1&abbucket=2
12,¥178.00,初秋装高端轻奢名媛气质轻熟赫本风御姐小香风套装连衣裙子女早秋,https://detail.tmall.com/item.htm?id=624044977620&ns=1&abbucket=2
13,¥158.00,ZARA白色连衣裙女装夏季新款法式无袖收腰御姐风遮肚气质A字裙子,https://item.taobao.com/item.htm?id=619670737861&ns=1&abbucket=2#detail
14,¥138.00,牛仔连衣裙女夏气质名媛轻熟风翻领单排扣小个子浅色泡泡袖短裙子,https://detail.tmall.com/item.htm?id=620409448782&ns=1&abbucket=2
15,¥138.00,泡泡袖牛仔连衣裙女夏2020新款蓝色气质轻熟小个子修身性感短裙子,https://detail.tmall.com/item.htm?id=620136344685&ns=1&abbucket=2
16,¥68.00,复古法式油画泡泡袖裙子V领雪纺收腰碎花连衣裙女夏2020新款长裙,https://detail.tmall.com/item.htm?id=623131131820&ns=1&abbucket=2
17,¥89.00,2020夏季新款泡泡袖连衣裙女V领收腰显瘦裙子气质拼接减龄闺蜜装,https://detail.tmall.com/item.htm?id=623611030658&ns=1&abbucket=2
18,¥59.00,高腰牛仔短裙女ins超火2020夏新款韩版裙子a字包臀裙不规则半身裙,https://detail.tmall.com/item.htm?id=621903280621&ns=1&abbucket=2
19,¥68.00,薄款女装2020年夏装新款显瘦气质简约时尚短袖t恤休闲连衣裙子女,https://detail.tmall.com/item.htm?id=619458767197&ns=1&abbucket=2
20,¥288.00,网红百搭网纱半身裙子女春夏新款仙女纱裙小个子中长款高腰百褶裙,https://detail.tmall.com/item.htm?id=613955635157&ns=1&abbucket=2
21,¥1599.00,珂莱蒂尔2020女秋季新款时尚中长款收腰修身喇叭袖针织连衣裙子,https://detail.tmall.com/item.htm?id=623583447054&ns=1&abbucket=2
22,¥339.00,大码女装洋气显瘦针织时髦裙子套装微胖妹妹夏装遮肚连衣裙两件套,https://detail.tmall.com/item.htm?id=616680298404&ns=1&abbucket=2
23,¥85.00,胖妹妹显瘦两件套装2020年新款秋冷淡风大码女装微胖mm连衣裙子夏,https://detail.tmall.com/item.htm?id=621359227263&ns=1&abbucket=2
24,¥135.00,早秋女装2020年新款秋季洋气时尚套装气质两件套初秋连衣裙子潮流,https://detail.tmall.com/item.htm?id=613213616701&ns=1&abbucket=2
25,¥1649.00,珂莱蒂尔2020女夏季新款气质双排扣中长款修身无袖端庄连衣裙子,https://detail.tmall.com/item.htm?id=613962624502&ns=1&abbucket=2
26,¥89.00,胖妹妹显瘦遮肉套装2020年新款夏季大码女胖mm连衣裙子两件套洋气,https://detail.tmall.com/item.htm?id=619623097278&ns=1&abbucket=2
27,¥59.90,夏2020新款大码女装胖妹妹显瘦连衣裙子两件套装洋气微胖女生穿搭,https://detail.tmall.com/item.htm?id=593393945378&ns=1&abbucket=2
28,¥396.00,连衣裙女2020夏新款收腰显瘦显高雪纺鱼尾裙子气质中长款衬衫裙潮,https://item.taobao.com/item.htm?id=621777622479&ns=1&abbucket=2#detail
29,¥119.00,微胖女生穿搭胖妹妹大码显瘦遮肉连衣裙2020夏季短袖系带收腰裙子,https://item.taobao.com/item.htm?id=620210794104&ns=1&abbucket=2#detail
30,¥399.00,ZARA新款女装皱痕效果裙子04886242500,https://detail.tmall.com/item.htm?id=622334657249&ns=1&abbucket=2
31,¥138.00,赫本风心机小黑裙子女夏2020新款法式小众收腰小个子V领a字连衣裙,https://detail.tmall.com/item.htm?id=620589321685&ns=1&abbucket=2
32,¥138.00,白色连衣裙女夏2020新款法式复古方领泡泡袖气质裙子仙女超仙森系,https://detail.tmall.com/item.htm?id=622781062736&ns=1&abbucket=2
33,¥399.00,ZARA新款女装ZWPREMIUMWORKER裙子08246073712,https://detail.tmall.com/item.htm?id=617670760987&ns=1&abbucket=2
34,¥159.00,Polo连衣裙女2020夏季新款短袖绣花流行直筒裙子运动中长款T恤裙,https://detail.tmall.com/item.htm?id=598169359212&ns=1&abbucket=2
35,¥178.00,流行赫本风心机小黑裙设计感裙子气质女神范衬衫轻熟风连衣裙女夏,https://detail.tmall.com/item.htm?id=623245689208&ns=1&abbucket=2
36,¥499.00,诗凡黎裙子女秋冬中长款新款长袖宽松收腰女人味小香风连衣裙,https://detail.tmall.com/item.htm?id=608043487378&ns=1&abbucket=2
37,¥490.00,诗凡黎裙子女2020韩版收腰法式休闲中长复古格子长袖高腰连衣裙女,https://detail.tmall.com/item.htm?id=612101862656&ns=1&abbucket=2
38,¥89.00,大码女装胖mm2020年夏季新款胖妹妹洋气遮肉显瘦黑色气质连衣裙子,https://detail.tmall.com/item.htm?id=621731884797&ns=1&abbucket=2
39,¥178.00,法式方领泡泡袖初恋仙女裙长款收腰显瘦白色棉麻连衣裙女夏仙气质,https://item.taobao.com/item.htm?id=621493442907&ns=1&abbucket=2#detail
40,¥248.00,无袖连衣裙女夏2020新款欧洲站时尚欧货网红洋气真丝黑色流行裙子,https://item.taobao.com/item.htm?id=588338849941&ns=1&abbucket=2#detail
41,¥159.00,连衣裙女夏2020新款夏天显瘦长裙雪纺设计感小众条纹长款减龄裙子,https://detail.tmall.com/item.htm?id=619463615981&ns=1&abbucket=2
42,¥89.00,大码胖妹妹时髦法式桔梗不规则宽松遮肚显瘦中长衬衫小黑连衣裙子,https://item.taobao.com/item.htm?id=620805327184&ns=1&abbucket=2#detail
43,¥479.00,何穗同款伊芙丽连衣裙女2020秋季新款长裙v领设计感长袖高腰裙子,https://detail.tmall.com/item.htm?id=624508895665&ns=1&abbucket=2
44,¥798.00,伊芙丽气质连衣裙2020秋季新款复古撞色格纹西装领中长款高腰裙子,https://detail.tmall.com/item.htm?id=622950797605&ns=1&abbucket=2
45,¥399.00,夏日折扣Oysho碎花露锁骨连衣裙收腰显瘦沙滩裙子31998115447,https://detail.tmall.com/item.htm?id=621215452604&ns=1&abbucket=2
46,¥399.00,夏日折扣Oysho波点连衣裙无袖高腰沙滩休闲裙子31979115800,https://detail.tmall.com/item.htm?id=612067532133&ns=1&abbucket=2
47,¥240.00,春夏折扣MassimoDutti女装2020春夏新款云朵印花半身裙女士气质感裙子05214831920,https://detail.tmall.com/item.htm?id=611562461771&ns=1&abbucket=2
